steming_data,Sentiment
terimakasih khianat terimakasih antipati juang terimakasih dengar aspirasi saatnyaa hashtag,Negatif
raja kerathon sejagad sunda empire tolol hqq,Negatif
horeeee mantaaab laku bejat andre jebak nn seret meja hijau dukung nn hashtag,Negatif
partai allah mah bebas sajadah diinjak2 hashtag,Negatif
benci selamat pimpin orang benci selamat nikmat ketidksukaannya tunggu statusstatus salah perintah hashtag pic twitter comn3gaterfkc,Negatif
dokter beli mobil tukang parkir jaga mobil,Negatif
kelas ceo data 2013 bilang data 2016 bl promosi presiden jokowi balesannya cermin sikap ceo,Negatif
prestasi bangga luncur pesawat angkasa indonesia indonesia santuy hashtag hashtag,Negatif
jaga sehat ya kasih tua marahmarah rumah deh istirahat hashtag,Negatif
username wow mulia wanita foto ktp pacar backup data uang laundry ninggal ktp,Negatif
terima kasih username kendali banjir jakarta banjir hashtag,Negatif
username username username username perintah pintar pintar kilah pintar alesan pntar bohong pintar alibi dll,Negatif
unt indonesia bangga level demokrasi hashtag mhn maaf tinggal negara maju segani,Negatif
username mulia username notice ya wkwk,Negatif
selamat username rekor banjir januari kali banjir februari kali tahan sih doa gubernur soleh hebat salut sayawajah air mata bahagia hashtag,Negatif
cari polisi kloset otak hashtag,Negatif
salah sih suara pilih politik ya konsekuensi ya berani koreksi seolah2 netizen bodoh,Negatif
ya mas fatah nang anak laki kuasa wkwk hashtag,Negatif
istana presiden banjir janji kampanye username realisasi sedia kolam warga jakarta hashtag,Negatif
film keluarga cendana cerita keluarga kayak jatuh miskin,Negatif
indonesia cinta ku khilafah kadrun monggo negara jasa negara ngerecokin iya kadal hashtag hashtag,Negatif
hashtag asli lupa perintah mensuport mudah bisnis omong kosong kwalitas owner bl,Negatif
mimpin sholat pimpin negara situ sehat hashtag,Negatif
alhamdulillah ibukota jakarta prestasi dunia hashtag,Negatif
wht bilang 3 bangun ekonomi ngibul ih hashtag,Negatif
hukum berat belah tangkap orang bilang abb bebas kecut,Negatif
username tang anies tanah abang semrawut uang alir paham haji lulung pro anies,Negatif
jakarta lumpuh selamat selamat banjir doa wahabi kabul hashtag,Negatif
kerja dpr gerebek psk selamat gelar dpr satpol pp hashtag,Negatif
username please banding2in hasil badminton sepakbola level hahaha,Negatif
hashtag 2020 warga jekardah khusus pea heppi kecimplung berkah hashtag hashtag hashtag hashtag hashtag,Negatif
dukung mati mati salah pascol presiden dampak hidup siknifikan bacot,Negatif
mimpi hasil itjima ulama sih fadli hina ulama hina fadli ulama mbah moen niken no sanse wajib tenggelam,Negatif
salah program kerja anies perata sejahtera warga dki hashtag,Negatif
ye kawan2 hashtag ganti presiden jokowi maha salah puja puja sembah,Negatif
kamaren mngatakan antek aseng heppy2 orang asing plinpan banget sih ommm malu,Negatif
ahok pimpin bicara kasar orang bicarany kasar ktkn pimpin umat,Negatif
masril piliang meretweet jurnalis tb otak sol sepatu hashtag,Negatif
dukung hashtag,Negatif
username mantap coi jancuker sejati otak waraskoruptor anjing pelihara,Negatif
akal waras sih puas sebar hoax hoax,Negatif
surga jakrta mabuk agama nikmat diskotik username,Negatif
coba lawan alam kuat toa malu anies hashtag,Negatif
username mulia suami rela jual istri harga murah penuh butuh seharihari,Negatif
alhamdulillaaaaaah air berkah banjir anies nongol habis muncul sampah teriak solusi anies,Negatif
kokoh dukung 01 ku tau sang bahadur kau bagak lemah,Negatif
rela negara rela pakai username bilang kuasa rela,Negatif
username username username username username maksa pintar kasihan setress ujung ya deh,Negatif
jubir pintar lancar cerocos tau bos ngebantah,Negatif
hasil maksimal username salut tenggelam kota dki jakarta masyarakat antusias cari posko ngungsi hashtag,Negatif
terima kasih username tunai janji hashtag,Negatif
pidato prabohong ber apiapi isi karuan hoax belaka mimpin negara modal suara lantang doang,Negatif
nama doa tukar isi otak mu ketakar username,Negatif
anies baswedan air,Negatif
alhamdulillah mantab pilih 01 tuh sbnrnya pengin banget ngelayat orgnya mati hashtag,Negatif
wis pakde rasah ngoyo2 kerja hobby nyanyi mangkrak kanan kiri 2 periode,Negatif
sayang ulama datengin istana tembakin gas air mata,Negatif
username username hashtag tau suka teriak2 nkri pancasila dijualin jongos cina,Negatif
selamat warga dki 58 dibikinin toa mahal tinggal kasih lagu titanic pas tenggelam nyanyi hashtag,Negatif
orang waras dengar geleng2 kepala keras ngawur isi pidato karuan,Negatif
wow canberrapidato pakai bahasa indonesia nasionalis banget siasia toefl hashtag,Negatif
memberiken apresiasi i kafir indak sanggup asih harga nutup diskotik,Negatif
username anis pintar pintar manfaat situasi laksana tanggungjawab ya tinggal ngeles,Negatif
anies bukti hasil terimakasih anies hashtag hashtag,Negatif
username isi orangorang pintar pintar ngeles,Negatif
username username username username iya kak pandai ajar sejarah korupsi kelas jabat syukur alami tingkat jalan sistematis struktur,Negatif
pikir ulang anies loh coba janji kampanye gusur gusur normalisasi ya hasil banjirrrr guyss pimpin dpr anies kebut normalisasi hashtag,Negatif
terima kasih hashtag hashtag username mobil hashtag hashtag hashtag hashtag,Negatif
banjir jakarta salah username salah warga jakarta yanggoblok pilih username gubernur hashtag,Negatif
semangat unbknya adikadik begadang bangun subuh kunci sebar jam segitu,Negatif
rajin banget orang bikin status ajg kesel sasar peka tolol hshshshshshsh,Negatif
welcome indonesia dikomersilkan negeri diskon gratis manusia,Negatif
wow canberrapidato pakai bahasa indonesia chauvinis banget siasia toefl hashtag,Negatif
selamat indonesia negara 62 bermacammacam adat istiadat indah alam budaya goblok masyarakat,Negatif
berita kantor hoax buka resmi jebak strategi hoax kubu 02,Negatif
welcome indonesia warga hobi banget urus selangkang orang,Negatif
indonesia eksportir komoditas lengkap dunia hasil rakyat melarat dunia,Negatif
permisi generasi optimis politis tukang sebar fitnah hoax hashtag tolong minggir ya hashtag,Negatif
kaum didik didik hardik,Negatif
prestasi luarbiasa gubernur username perata banjir jakarta banjir nikmat gelintir orang tinggal daerah berkat gubernur username rakyat nikmat banjir terimakasih gubernur,Negatif
username smart mbuang2 anggar pasangbongkarpasang username username username username username username hashtag hashtag hashtag hashtag link,Negatif
wow mantap bu bu iur bpjs ya 3x lipat,Negatif
username bangga hormat donald trump biadab ulama kharismatik mulia umat islam,Negatif
orang hebat username adab ulama sekolah adab bro,Negatif
puluh kader darah darah kongres duga kena lempar kursi partai allah gajak bar bar ken ketawa tkt mulesss,Negatif
hashtag imam mantap politisasi sholat jumat malu,Negatif
tunggu mohon maaf fadlizon hati,Negatif
sesuai janji kampanye anies sedia kolam warga dki jakarta hashtag,Negatif
sungguh mulia mu nengjadi pelakorhahahaahaaa pianyingen,Negatif
maaf sih bagus nyata salah ngambil data motivasi cuit another great lesson learned for millenials,Negatif
partai allah nasion ngajari tawur,Negatif
diendors presiden balasanya sakit etika hashtag,Negatif
zaki bilang jokowi orang dukung orang purapura,Negatif
boros celaka ngopi coeg hashtag,Negatif
lahir solo egk tau boyolali hoax,Negatif
nama demokrasi pilih beda langsung bete lebay sedia pilih mesti tuntut embelembel boikotbukalapak serasa ringan salah aset ekonomi karya anak bangsa orang bantu,Negatif
anies gubernur indonesia indonesia responden,Negatif
anies baswedan orang pintar kertas dukung anies baswedan orang pintar septic tank,Negatif
hashtag positf hamil yaelahh tolll narkoba v,Negatif
username the real negarawan rela korban maju bangsa dalang,Negatif
amien rais partai allah ribut serang anggota parta i partai,Negatif
kau puisi username mbah moen sembrono,Negatif
wow damai banget ya hashtag hashtag hashtag,Negatif
hashtag hasil kerja 3 username biasasoal banjir ahok paham anies teori melulu,Negatif
capres 01 bukti prestasi bandar hoax nasional,Negatif
hashtag legowo pilpres hashtag,Negatif
sunggguh berani username hina ulama kaca bos,Negatif
kado indah gubernur iman hashtag hashtag,Negatif
username username partai anti korupsi ya wkwkwkwk tahi kucing bau busuk,Negatif
agama politik landas perang agama salah orang hashtag hashtag hashtag hashtag hashtag hashtag,Negatif
anis goblok lahhkalu tukang bohong iyaaisyarat oketertawa guling lantaitertawa guling lantai hashtag,Negatif
terima kasih kunjung sandiuno maaf jokowi teriak warga wonogiri hashtag,Negatif
dukung sang sih ceo anu coba tusuk uninstallbukalapak,Negatif
anak budi pekerti masuk sekolah favorit anak goblok masuk sekolah jelek goblok ngerepotin ah hashtag,Negatif
username welcome indonesia orang buang otak mes,Negatif
welcome indonesia masker mangsa cari uang cari masker sensi 170box butuh 1000 hashtag,Negatif
andre anggota dewan hormat hasil karya jebak kaum lemah psk hashtag,Negatif
username username username padang surga yaatuhhh aceh serambi mek ya indonesia kena azab tuhan sungguh akhlak bejat om dre,Negatif
username kayak ardhi bakrie harap cantik nia ramadhani,Negatif
keren tampil monas hashtag hashtag,Negatif
neng banget goblok,Negatif
selamat ulang negara khusus islam indonesia moga sudut rakyat nonmuslim,Negatif
username presiden hashtag,Negatif
nech hebat khayalanya raja keraton agung jagat klaim milik wilayah kuasa negara dunia,Negatif
istri pandang wajah suami lelap tidur lihat wajah muncul garisgaris halus mata sendu bayang betapa lelah tekur timlen tiada henti debat copras capres lupa istri,Negatif
sungguh mulia kader partai allah kursi giveaway tiket surga,Negatif
politis samasama cari,Negatif
unicorn negara maju bayar kontribusi rd bl kasih,Negatif
lihat kondisi monas bilang bagus gblk banget hashtag,Negatif
titel sarjana otak kaya anak dasar hashtag,Negatif
alhamdulillah terimakasih ya allah masyarakat kandidat potensi malu hashtag hashtag,Negatif
alhamdulillah hashtag pimpin hashtag,Negatif
keren gubernur jakarta laut salam iman username bawesdan,Negatif
alhamdulilah kabar apik abang monggo silah hashtag,Negatif
bodoh manusiawi hashtag,Negatif
alhamdulillah gubernur ya ahok ngomongan jaga omong amburadul kerja ya gubernur anies top,Negatif
jumatankarenaundangan lucu sih wkwkwk minggu jumat ya wkwk,Negatif
film keluarga cendana cerita keluarga kayak jatuh bapet,Negatif
yeap karya anies kota jakarta tenggelam,Negatif
assalamualaikum alhamdulillah jakarta bebas macet siang karpet terbang 0 0,Negatif
jaenudin kenang presiden amatir hashtag,Negatif
gugat hasil pilpres 2014 gembargembornya bawa 10 truk kontainer bukti curang 1 truk muncul omong kosong pikir aksi lawak ngibul hashtag pic twitter comlua04niuy5,Negatif
username wawmulia mr ex ngejagain jodoh orang,Negatif
username partai allah patut contoh ngamin ngamin ngotot,Negatif
username bawa agama ya ya seferti mubahala indak twit jual agama ya ya,Negatif
username santun unggah unguh paham ditrabas citra kuasa sombong hashtag,Negatif
milu bangsa prettt milu kuasa hashtag,Negatif
tugas pokok anies baswedan ngeles puisi alas jakarta banjir parah salah salah air lekas pergi jakarta ya anies ya ya hashtag,Negatif
salah contoh narasi username banjir jakarta bukti berkat narasi anies jakarta hasil bebas banjir renang kitaaaaa hashtag link,Negatif
rubah temu kali rakyat hashtag,Negatif
bijak hashtag hashtag,Negatif
bilang hashtag iya manipulator,Negatif
politik sejati atur masyarakat sejahtera masyarakat melarat hashtag,Negatif
terimah kasih rezim sontoloyo mantap hebat cinta rezim moga allah swt laknat manusia durjana,Negatif
emezing menang tender tata monas nila rp 71 3 miliar kantor ya rumah petak hashtag hashtag,Negatif
anies keren kontras diskotek colosseum gerebek bnn ganjar harga hashtag fpi kejang2 gnpf wellcome,Negatif
sabar ya warga dki jakarta pimpin kelas gubernur kelas kacang hashtag hashtag hashtag,Negatif
special thanks username for bikin udang tolol,Negatif
coba situasi perintah jaring lelet kau panik,Negatif
tuhan sayang anies biar banjir jakarta gerak hati orang membully beliau gugur dosadosanya,Negatif
background database update halus ganti presiden,Negatif
username welcome indonesia budi sopan santun ketus tuduh sembarang salah eh galak allaah maha balas buu,Negatif
uninstallbukalapak coba otak ya install,Negatif
username username tompi dokter sayang otak pakai,Negatif
username tuju anies tokoh peloporpencipta sistim aca kadut sampurna,Negatif
hashtag alhamdulillah ngaruhnya tiket mahal pesawat hashtag,Negatif
yasona keren kerja koruptor grasi napi narkoba grasihebat,Negatif
terima kasih anies goodbener pbb rumah rp 37 juta digratiskeun banjir jam jam no problemo,Negatif
bonafide gue respek kader2 partai amarah nasional juang berdarahdarah gws ya om username,Negatif
orangorang tweet makan babi sifat kayak babi gua gua pintar pintar yaampun otak selamat hashtag,Negatif
andi sukmana putra bodoh,Negatif
username welcome indonesia presiden wakil presiden dpr menteri hobi main sandiwara bikin gaduh,Negatif
ngumpulin koin bangun gedung kpk malu budaya indonesia emis,Negatif
bani kadrun bilang banjir tuh berkah banjir toa ya mingkem bae hashtag hashtag hashtag,Negatif
assyeeem presiden coba acara jabat negara ampruk username hashtag,Negatif
kerja ya jalan jatuh lawan bikin hoax eh ya kerja culik culik aktivis kerja ya,Negatif
selamat indonesia murid2 uas suruh ajar suruh lunas bayar,Negatif
kolam renang terima kasih anies baswedan,Negatif
maaf sih jokowi indonesia negara hukum sok hashtag,Negatif
indah hashtag pimpin username prestasi tiru jokowi ahok hashtag,Negatif
wih jkt48 keren nih lipsyncnya jaya musik indonesia,Negatif
anak zaman now pintar pintar ilmu pintar bohong pintar bikin alesan pintar,Negatif
subbhanallahpartai allah rusuh,Negatif
bagibagi bungkus citra hmm hashtag,Negatif
call center pusat hoax kubu 02 hashtag hashtag fokus program kerja positif ya tebar hoax aneh fakt ya 1,Negatif
korea selatan sistem didik dunia netizen indonesia hashtag,Negatif
hadiah 2020 anies banjir jakarta,Negatif
kolam raksasa janji username wujud 2020 terima kasih anies tunggu hashtag,Negatif
hasil kerja anies hasil banjirrrrrrrrr username,Negatif
novanto 22 kali obat lapas 22 kali novanto jalan jalan obat plesiran sakit parah derita setyanovanto syaraf otak jepit,Negatif
vooting wni menang menteri kadal kebon,Negatif
duduk main hp kena getaha hashtag hashtag hashtag hashtag hashtag,Negatif
jokowi aku hasil divestasi freeport cegah bakar hutan pro ecommerce omong kosong,Negatif
perempuan kuat lucinta luna semangat abang,Negatif
selamat ya gaes duta dusta indonesia,Negatif
takut kritik abid dengung prabohong usul alias data,Negatif
selamat indonesia suka anggap sebar benci,Negatif
budaya baca isi berita ya bong komen goblok piara,Negatif
mantap gerindra garda bela anies,Negatif
username tukang racun beda psk online non online begini fox confirm,Negatif
besok btp tahan biar kafir aseng hadap prosedur hukum periksa adil pakai acara tangguh ringan kabur hashtag,Negatif
keren koruptor kapolri wkwkwk dunia,Negatif
kagum sungguh transparan hashtag,Negatif
perdana menteri australia pimpin oposisi sibuk kampanye isu sehat main data fokus tingkat layan warga kelak pilih menang warga australia kecebong kampret,Negatif
indonesia keren koruptor uang pensiun fak,Negatif
hebat ya username janji kampanye kolam dki hidup anies hidup dukung kadrun,Negatif
username partai allah apik contoh ngamin ngamin ngotot,Negatif
prestasi gabener anies musim hujan kolam renang rumah warga banjir kirim barokah banjir musibah antisipasi doa fokus ayo tebak bendabenda ambang hashtag,Negatif
catat sejarah ulang kali calon gagal the presiden hashtag,Negatif
hadiah anies 2020 dukung anies nobel prize 2020 jakarta bekas wilayah banjir,Negatif
hasil karya terbaiks gabener username lalai angkuh gengsi bijak gubernur bukti hasil tangan banjir hashtag hashtag hashtag hashtag,Negatif
pilih anis program kerja agama mampus kao gubernur program kerja suka ya agama jadi embel2 politik allah marah nepatin janji hashtag hashtag,Negatif
username kabar riang kawan pesimis ekonomi roket 2021 kabar buruk ya omong semu hashtag,Negatif
ayo diskotik ujung tombak bahagia jakarta mumpung gnpf dukung harga diskotik mr username untung dukung gnpf maju diskotiknya bahagia dukung,Negatif
terima kasih username hashtag,Negatif
keluh trhadap perhati perintah scara langsung jokowi bilang anggap beliau bpk beliau trbukan masuk bknnya bikin tweet,Negatif
ahli gabener wan aibon 1 lepas tangan 2 tata,Negatif
yes adu lihat niup suling bambu maju biar orang mati maaf laku ku rais kakek tua bau sampah hashtag hashtag hashtag,Negatif
positif lucinta luna positif narkoba,Negatif
wawww amanjing bangettttts hashtag hashtag,Negatif
kangen manusia manusia ribut tinju kepal pakai jempol,Negatif
novel baswedan alami maju krik krik krik kembang hashtag,Negatif
welcome indonesia mana laku pembullyan bela laku perkosa tutup identitas korban pemerkosannya salah sudut pandang,Negatif
tempe harga kau hashtag mu muak,Negatif
nu muhammadiyah tarik rebut kuasa sungguh blunder tim sukses membully,Negatif
username kabar gembira kawan pesimis ekonomi roket 2021 kabar buruk ya omong bohong hashtag,Negatif
terima kasih username warga dki kasih hashtag penuh air hashtag,Negatif
cetus kalimat partai allah edukasi generasi spesies benci hashtag,Negatif
moga belah pakai akal sehat sadar hashtag,Negatif
dukung buka lapak batas tulis doang belanja kagak sok sok dukung,Negatif
fazdlizonk tinjau kondisi tanah longsor puncak bogor payung bak raja tanah vila situ tinjau pribadi dasar hina ulama,Negatif
bilang panutan wowo ibadah bilangbilang bukti undang sholat jumat ya ya malu sih gua,Negatif
ulama hina nyebut ulama kau kau,Negatif
bingung anak linglung anakanak jilat maksud hashtag,Negatif
banjir berkah ya selamat deh warga jakarta kah 4nies lupa bertoa ya gaess 4 miliar lho kalengkaleng hashtag,Negatif
terima kasih jasa anies hashtag trending eh ding antri air masuk salur buang maaf lord,Negatif
sholat jumat pakai sebar pamflet sholat jumat diskon,Negatif
bilang rupiah lemah rp100 rp1 7 trilun ratus rupiah lemah tingglal kali lumayan nombokin pln rugi,Negatif
gubernur bohong gunernur bohong ya hashtag,Negatif
sabar ya warga dki jakarta pimpin kelas gubernur kelas kacang hashtag hashtag hashtag,Negatif
partai allah is the best agama amien rais tuhan gapapa rusuh islam iman takebeer,Negatif
manusia sampah hashtag,Negatif
tampak lambat skalipun hashtag,Negatif
banjir banjir telag hore hore air antri masuk tanah anies hashtag hashtag,Negatif
cetus kalimat partai allah edukasi generasi bangsa benci hashtag,Negatif
jujur rawan 212 hashtag banget,Negatif
selamat prabowo ganjar ganjar tahan juara runner up ajang pilpres 2019 2014 hashtag hashtag,Negatif
jaenudi ngaciro stop uninstallbukalapak rasai lue bong gegara lue big bos kena getah ayo bong bersih2 tl gaspool,Negatif
username username username sesuai bela ulama 212 diskotik sesuai nilai nilai agama nb sedia bidadari kaum monaslim,Negatif
kau bilang i love jokowi ngacung jari asyuuuu maaf uninstallbukalapak,Negatif
kawan kawan saran stop bantu gera jod niat hasil gera penuh orangorang pintar mending urus daerah masingmasing solidaritas hapus kbbi,Negatif
dek empati simpati rendah hati miskin banget,Negatif
selamat terima tamu air banjir 2020 anies usir cepetcepet tamu tuhan buang laut eropa main salju main air hashtag,Negatif
teman jomblo katai jomblo keren banget,Negatif
username welcome indonesia maaf solusi semuanyadan laku anggap becanda,Negatif
hormat prabowo usul sholat jumat sebar pakai pamflet kali promosi potong harga,Negatif
boros miskin ngopi coeg hashtag,Negatif
temu prabowo jokowi tuju bangsa jatah kursi hashtag hashtag,Negatif
cocok hashtag cocok kepala rumah tangga kaget,Negatif
orang pintar nilai orang bodoh nilai hashtag,Negatif
username terima kasih anies eh pemprov,Negatif
selamat negara 62 lawan begal penjara demokrasi aspirasi tangkap propokasi laku manusiawi mungut karet bekas penjara kabar korupsi sembunyi jabat hashtag,Negatif
keren gub formula empang wajah senyum mulut buka keringat dinginwajah seringai hashtag hashtag,Negatif
mantap pdi save alam save koruptor,Negatif
pakai up mahal skin care mahal baju mahal tas mahal sepatu mahal murah hashtag,Negatif
aneh orang sukses instagramnya jarang banget update sih miskin sibuk banget update biar lihat miskin miskin hashtag hashtag hashtag hashtag,Negatif
pintar banget stalkingin orang sih deuh,Negatif
warga jkt58 bahagia sepak terjang sang wan ajaib pimpin jakarta hashtag,Negatif
welcome indonesia dikomenin even gaperlu gapenting samsek,Negatif
anies gubernur hebat sejarah dki jakarta gubernur hadiah rutin warga kolam renang nikmat rumah bravo,Negatif
juara curang hashtag,Negatif
hoax center program kerja indonesia butuh pimpin fokus fokus tebar berita hoax,Negatif
josss bin mantul janji anies baswedan sedia kolam warga kota jakarta bukti,Negatif
ya negara kayak budaya budaya membesarbesarkan nilai negatif toleh nilai positif hashtag hashtag hashtag link,Negatif
cawagub dki riza patria susah cari anies iya ya bohongin rakyat dki jakarta pakai mayat ayathashtag,Negatif
partai allah is the best agama amien rais tuhan gapapa ganggu islam iman takebeer,Negatif
bicara islam tinggitinggi kalao wudhu,Negatif
dwp aman diskotek harga kagum gubernur indonesia anies hasil kembang wisata party bas syariah,Negatif
salah paham diskotik harga gubernur pilih umat minum air zamzam cemilannya kurma ikhwan akhwat joget pisah joget joget unta syariah banget pokok,Negatif
14 february valentines day hashtag nasional wkwkwkwkwk,Negatif
gubernur jagat raya menangulangi banjir beli toa hashtag,Negatif
bagus sih tingkat miskin indonesia turun sederhana kayak mati hashtag,Negatif
kayak jalanjalan bawa bendera isis seru nih bawa atribut pki hajar,Negatif
username username username hdh mbak trik nfs sbntr bahasa orang pintar trkekeh mbak bkl susa erti awokwokwok,Negatif
username bahagia air maju bavotnya hashtag,Negatif
selamat banjir moga banjir kali syar banding username lupa banjir ingetnya aibon,Negatif
moga air genang berkah warga jakarta gubernur pahala cepat masuk sorga dibully warga username hashtag,Negatif
username username username elegan noh gabung nia ramadhani sampah,Negatif
username cebong pulang pintar makan bohong janji kosong,Negatif
ayodong kaca maksud bicara karya,Negatif
lapang kerja mulu kualitas sekolah ogah ogah suruh daftar kerja alesan suruh bikin usaha sibuk ngopi ketawa ketiwi,Negatif
bannga gubernur anies program perata banjir jalan sesuai rencana terimakasih username,Negatif
haduuuhhh gubernur jago banget ngelesnya hashtag hashtag hashtag,Negatif
hebat ya banjir gabener langsung hancur monas hashtag hashtag,Negatif
hashtag kasihan kasihan kasihan import air ah biar bego gkgkgkgkgk,Negatif
urus hambur anggar jago tata warga jakarta 58 diam takut lawan sunatullah kritik pilih hashtag,Negatif
sulit cari salah anies penuh diamond playbutton,Negatif
beda mimpi otentik tulus pimpin hashtag licik,Negatif
selamat siang prof dungu hashtag hashtag hashtag hashtag hashtag,Negatif
merdekaaa pilih pimpin hina ulama suka sebar hoax,Negatif
capres cawapres 01 sebar visi misi kerja nyata 02 berita bohong fitnah,Negatif
negara islam danadana umat islam,Negatif
bukti sikap mulia kalian2 bikin onar tukang hoax fitnah aparat sadar malu amien rais hashtagyutliputalapan added bareskrim polri,Negatif
ane bilang monas cagar budaya monas cagar iman laskar 212 ane pakai bwat gelar acara reuni dibatalken ane bentuk fpfe front bela formula e dmi mndukung gubernur jinjing laskar hashtag,Negatif
terimakasih gubernur warga fasilitas kolam renang pribadi teras tahiiiiik,Negatif
ahok jitu banget username pintar pintar 4 ng ngibul ngelez ngambinghitamkan orang arang alas bangsa harap hashtag link,Negatif
username banget susah nyri gub anies berkat biau air bah berkah,Negatif
gd bye otak welcome goblok uninstallbukalapak,Negatif
kuat jawara bahagia warga ya maju kota habis anggar hashtag,Negatif
kabar buniyani percaya fitnah nista agama,Negatif
bilang stok beras 21 anjiiir wo omong pakai data ya panik gagal ya wo,Negatif
atm mu setebel mas bohong ya,Negatif
cerita krmbali kasta paria jaman orba hashtag,Negatif
username terima kasih anies baswedan cebong mah ngarti mah air antri banjer dasar cebong,Negatif
hashtag berkah serius berkah berkah gerombolan2 tetiba hibah media2 usak akal uang narasi2 bela gabener elbh uang jubir uang demo berkah bikin anggar beli toa dlll,Negatif
mari lurus hati aji ibadah allah kampanye hashtag,Negatif
username kayak bilang welcome indonesia virus corona mantap junjung cebong,Negatif
username semangat jakarta hancur tang anies monas gundul formula tragis hashtag hashtag,Negatif
tau kerja dpr gerebek psk selamat gelar dpr satpol pp hashtag,Negatif
doktrin cengang takut indonesia lihat video hashtag hashtag,Negatif
negeri kayak budaya sakit pesta demokrasi raya ramai ramai penuh damai ujung brutal barbar hashtag hashtag mari hapus kubu 01 02 tegak kubu 03 indonesia,Negatif
oh pandai lihai nasehat orang dadak bodoh nasehat,Negatif
lho jokowi bicara unicorn kemarin intimidasi bukalapak usaha online masuk kategori startup unicorn parah nih jokowi soksokan bicara unicorn,Negatif
kerja bagus dijatuhin,Negatif
keren sholat jumat username kepung warga,Negatif
jakarta keren kamera ikut anies,Negatif
benarbenar kuasa suara tega hina ulama ironi,Negatif
nia ramadhani artis pintar pintar cari suami,Negatif
selamat wakwak land uninstall aplikasi karya anak bangsa suka hati beda pandang politik,Negatif
terimakasih username aman bah 5 2 heuheuheu username minat cabang olah raga cabang olah raga resmi nasional hashtag hashtag hashtag,Negatif
masyarakat iktikad hoax center cipta rangkap tangkal hoax,Negatif
terimakasih wan abud username berkat ane mancing ikan mas pager rumah hashtag hashtag,Negatif
bohong santun 4nies bohong santun prestasi bangga uni fahira kelompok hashtag,Negatif
username bacot rekor gubernur undang banjir pecah orang ya username hebat sohib jempolansimbol tepuk tangan hashtag hashtag hashtag hashtag hashtag,Negatif
kubu 02 habis beritaberita bohong milik produksi sebar bohong,Negatif
gabener bahagiatertawa guling lantaitertawa guling lantaitertawa guling lantai hashtag,Negatif
username welcome indonesia dajjal dibully,Negatif
selamat hashtag angka statistik macet turun pesat 2020 banjir kagak kendara jalan hashtag hashtag hashtag hashtag hashtag hashtag hashtag hashtag,Negatif
sesal pilih prabowosandi sayang sikap prabowo kompromi jokowi golput jalan pribadi good bye prabowo hashtag,Negatif
indonesia keren koruptor teroris kasih remisi bebas,Negatif
username anies makas kado jakarta banjir 2th jabat prestasi binasaaa,Negatif
username mulia jual hina ya hashtag sebar benci,Negatif
kasih kondisi discotique colosseum harga gubernur iman bela ulama gnpf 212 moga allah limpah imbal timpal munafik tega jual ayat amp adu umat jabat,Negatif
habis keraton agung sejagad muncul sunda empire negara sibuk nuklir robot motor terbang negara,Negatif
hebat anus username 3x dki banjir hashtag hashtag hashtag hashtag,Negatif
fakta sidang gamblang hashtag mikir,Negatif
lhaaanies 100 lhooahli tata,Negatif
walikota semarang jokowi gagal periode mohon jalan tol ya bungkus ya gulung,Negatif
username mulia perintah masyarakat pindah fakultas tata boga biar bikin ciloq,Negatif
waspada hoax tebar pilpres 2019 kampret kampret sebar hoax bikin gaduh netizen,Negatif
username indonesia pkusername duduk islam dunia ulama fitnah,Negatif
fenomena muncul start up kembang mjd unicorn hebat fenomena kreatif muda hebat milenials sayang dewasa bisnis perush bervalue triliun oleng akibat perilaku receh,Negatif
cawagub dki riza patria username susah cari 4nies susah nyarinya 4nies 4nies hashtag,Negatif
tinggal 2 langkah mundur hashtag hanyut,Negatif
ahli lepas tangan hashtag,Negatif
ya sifat pantang serah prabowo duduk kursi istana etis acung jempol hitung 2004 daim rusak raja istana,Negatif
pilih beda hina angkat derajat hidup,Negatif
username istigfar ampun dosa2 lom janji rakyat,Negatif
aksi 212 aksi gedung nama agama sangkut paut islam islam ajar keritik pimpin aksi menhujat hashtag hashtag,Negatif
masyarakat kota iniberuntunglah aktor intelektual surabaya nakhoda 2022 hashtag hashtag hashtag,Negatif
username kepedeannya kasih jempol kaki nih contoh warga idam rezim sontoloyo,Negatif
anies mantab kaki alat transportasi contoh tangan ganti sekop n cangkul anggota ppsu,Negatif
kota urus spesialis tata username mending pindah hashtag,Negatif
bidang hancur jakarta hashtag hashtag,Negatif
berkah dukung wan aibon biar renang renang kolam renang mahal bayar mumpung hashtag renang gratis hashtag,Negatif
username selamat layak harga jilat anies terbaiksilahkan ambil balaikota,Negatif
olah tani peduli tani tan malu,Negatif
orang milik uang mudah orang,Negatif
suka kesini tambah suka suka ken muntah hashtag hashtag,Negatif
username username username ukhti username terima kasih harga diskotik syariah sesuai gnpf ulama 212 bani monaslim tq senator bawa barokah nb sedia bidadari didiskotik collosseum link,Negatif
anti asing kiblat barat,Negatif
sibapak banjir libur banjir ya libur hashtag hashtag,Negatif
bilang cinta indonesia disisipin trip museum sanggar budaya daerah skip cinta kenal,Negatif
fadlizon juang adil ya bela bela junjung,Negatif
jujur mahal orang suka bohong nilai jual n hashtag,Negatif
andre hasil toreh nama kenang andre andre psk hashtag,Negatif
sengkuni nama islam islam hai tua kau jalan,Negatif
keren ya indonesia jelek fuckboi ganteng shitposter,Negatif
tempe setip atm konsultan asing erti,Negatif
pintar tuh gerombol drun,Negatif
cerdaaas untung kenal tanda tanda ketidakbecusan username pimpin jakarta hashtag,Negatif
bela agama bela prabowo tinggal bela sungkawa hashtag,Negatif
bangun tol pakai uang situ hilih,Negatif
darah merah jenderal mu bunuh temu hashtag hashtag,Negatif
alhamdulillah nemu proyek eang bwat bantu ngabisin anggar program kembar sial oke oce hanyut bawa banjir lancar proyek bahagia pemprop ya alhamdulillah hashtag,Negatif
kagum anies moga tenggelam,Negatif
moga baca elit politik bpn jajar dukung prabowo mangkir fakta dalang,Negatif
terima kasih username kendali sebak salim jakarta sebak rembet hashtag,Negatif
bayar adil nilai harga beli anggap murah paham,Negatif
hashtag 02022020 haya ken ngucapain selamat yth anis jakrta bikin hashtag impor bogor selamat selamat,Negatif
mantap nih ketua dewasny username semangat lindung koruptor,Negatif
satusatunya prestasi jokowi jabat kagum jabat ri1 terima kasih pimpin harap periode,Negatif
rakyat pintar koalisi busuk 02 hoax ya,Negatif
partai allah butuh kursi ikhlas heuheuheuheu,Negatif
username tolong tuhan anies baswedan jawa,Negatif
usaha ya alamat cuman ntuh kantor kagak lihat mata rang kagak iman hashtag,Negatif
username cinta om anies langgar hukum,Negatif
hei username jujur puisi hina ulama malu kau,Negatif
jakarta berkah moga berkah hashtag,Negatif
sukses username mencptakan water park dki sayang ya ambil air kafirjadi ya iman liar kemana2 tunggu bacot username punggung tangan jari telunjuk arah kiri hashtag,Negatif
muka agama tawadhu ngeles sesal urat malu sayang hashtag hashtag,Negatif
retweet ah prestasi anak bangsa kampret kejang kejang ya,Negatif
salah prestasi anies cipta lokasi surfing jalan kota,Negatif
selamat keras sepakbola indonesia takut hashtag,Negatif
alhamdulillah kelompok positif diskotik moga razia ilegal diskotik kelompok,Negatif
terimakasih anies hebat tertawa moga umur sehat ya amin,Negatif
alhamdulillah ya fasilitas iman ahok kolam renang dasar tapir,Negatif
username pintar banget sih fnc pintar bikin dompet kempes,Negatif
pilih 01 pakai jalan tol ya bayar pajak tunggu ganti presiden,Negatif
berkah moga toanya banjir hashtag,Negatif
lihat dukung lihat mimpi pimpin munafik dukung,Negatif
dongarians nih suka lupa jumat tugas t t modem lelet mintak bacok,Negatif
soeharto berani bantai 3 juta rakyat indonesia surabaya berani bantai fpi dududuuduuu,Negatif
preman pintar provokator kayak kau,Negatif
urus negara indonesia konsep alam hashtag,Negatif
masjid ibadah ya jumat mah pakai undang undang jumat nih jumat asa kayak kondangan,Negatif
keren bahasanyakoruptor bilang maling rampok username,Negatif
positif lucinta luna,Negatif
masuk bui demo ya buni yani pasuk penjara hashtag,Negatif
pintar anies warga jakarta bego begoin tuhan bego begoin sih anieshahahahahahaha,Negatif
bangun tol terus presiden2 sembrono bangun uang sih jae,Negatif
sibuk bangun jalan tol lupa bangun jalan pikir,Negatif
anies kebal hukum kunci syurga anies tonjol satudia bodo,Negatif
pilih 02 kubu tahana main sportif selamat jalan username team kerja,Negatif
alhamdulillah diskotik syarie colosseum kulsum moga jakarta barokah bersyariah lastcar beib username bonus khusus latih bidadari,Negatif
om hashtag ngmusik yuk suka republik cinta management artis artis kapai politik ujung ya masuk bui hashtag,Negatif
terima kasih username orang sakit sengsara cc username hashtag,Negatif
cinta jokowi sayang citra,Negatif
astaga prabowo capres hasil ijtima ulama lho jumat hashtag,Negatif
horeeee mantaaab sepak terjang bejat andre jebak nn seret meja hijau dukung nn hashtag,Negatif
sungguh mulia ustadz santri fit tahan begadang mikir cepat gacor sabu santri sabu haram larang alquran malaikat mukar nakir malaikat malik sabar temu beliau,Negatif
2 minggu kkn 2 minggu makan tempe tempe setip atm alay banget pakk lebihkann banget,Negatif
pintar banget anies motong anggar banjir aibon,Negatif
hidup presiden jokowi berangus senimanseniman kontrarevolusi mental,Negatif
selamat indonesia orang kayak takut miskin orang miskin takut kayak,Negatif
adab silap hashtag,Negatif
bicara beda negara maju negara miskin bantu perintah belot,Negatif
solak solak username tanggung,Negatif
berkah pusing cari nafkah uang rumah banjir kacau nih gabeneerhashtag,Negatif
program naturalisasi sungai anies baswedan hasil bukti banjir 2020,Negatif
ya anies usaha pecah rekor dunia lempar tanggung pegang juara tahan mohon dukung,Negatif
laain tanam pohon tebang pohon pintar sih urus serap anggar hashtag hashtag hashtag hashtag,Negatif
hai username video keren loh langsung trending ditiktok ya partai allah bikin goyaaaaaaang kuyyyyyyy,Negatif
makmur stres ya hashtag,Negatif
berani lawan opm berani bubarin aji ust felix,Negatif
kota urus ahli tata username mending pindah hashtag,Negatif
beli goreng 80juta kenyaaang v hashtag,Negatif
bandung geografis libat keras aparat gusur username username username hashtag,Negatif
plus62 hebat hashtag,Negatif
prabohong hadir raya merdeka ke69 republik rakyat cina rrc gelar duta rrc prabohong pandang china indonesia nahkann wujud prabohong pro asing,Negatif
terimakasih anies baswedan kantor ku kolam renang huaaaahhh senang,Negatif
bahagia tipu hebat hebat dungu hashtag hashtag,Negatif
sungguh hati mulia kau mas jomblo,Negatif
sosialita butuh rakyat susah hashtag hashtag hashtag hashtag,Negatif
welcome indonesia tutup uang,Negatif
alhamdulillah berkah syukur berkat pintar username doa username hashtag,Negatif
username mantapbos jubir singkron nichsatu bilang a bilang b,Negatif
garagara orang budi pekerti gunung laut jual hashtag hashtag hashtag hashtag hashtag hashtag hashtag hashtag lhokseumawe,Negatif
bela anies tim buzzer 5m update coba otak kanan otak kiri pakai baca nih update kibul gubernur idola what next tunggu episode hashtag,Negatif
pintar banget sih mbak hancur mood,Negatif
menang curang hashtag,Negatif
astaghfirulah prabowo jumat pilpres p hashtag,Negatif
wooww aksi jaman ahok serba buka transparan sih beda pimpin beda gaya gue pikir selamat mental anti transparansi username hashtag,Negatif
dar username orang anggap ayah dukung puji balas lupa hati,Negatif
indonesia tahi anjing trending,Negatif
allahuakbar username bangga senang lihat monas air kolam jakarta bangga umat monaslimin hashtag,Negatif
aibon salah ketik bolpoin salah input harga diskotek colosseum salah kad rekomendasi formula e salah ketik salah otak tuh,Negatif
ah gawat serang jantung komunikasi keluarga ah tinggal duluan pasien,Negatif
gubernur banjir harga masyarakat banjir air hashtag,Negatif
username username username atur allah laku negara allah laku atur nyi roro kidul,Negatif
pimpin hati nurani ambisi pribadi,Negatif
subhanallah dengar narasi anies baswedan kampanye innalillahi wainna ilaihi rojiun gubernur kolam jakarta luas sisa sesal hashtag,Negatif
lepas hashtag hashtag generasi muda mikir saing industri 4 0 bacot sosmed doang,Negatif
anies baswedan lengkap prestasi gubernur bodoh versi google gubernur buruk versi survey pribadi nilai beliau gubernur tau malu,Negatif
selamat indonesia lengah milik perintah rakyat larat salah ubah,Negatif
kerja gubernur jakarta mudah banget pakai mikir coy hashtag,Negatif
orang pintar kalah nafsu dunia hashtag,Negatif
jumat nyebar undang mah imam shalatnya cuman makmum special,Negatif
username keren koruptor pensiun salam akal sehat,Negatif
alangkah hoax center program center programprogram nih cuman sensasi,Negatif
terbaikk hashtag,Negatif
wow buka salak setrika baju berita faedah hashtag,Negatif
salah gubernur iman ya beliau senyap salah hujan ya suruh henti air ya antri masuk lobang hashtag,Negatif
hahahah 1 6 apaapa hotel prodeo sikap gentlemen jngncengeng hashtag,Negatif
lihat umat begini kasihan lihat bahagia ya hashtag hashtag hashtag,Negatif
naturalisasi potong anggar banjir jalan pemprop dki hasilnnya mengembirakan dki pimpin anies baswedan swasembada air limpah ruah,Negatif
username bahadur bangsa bangsa partai demokrat pks pdip komnas perempuan konserpatip libural eta min anti elit2 parpol golput lawan diahahahahaha,Negatif
username welcome indonesia orang hina presiden coba negara orang bgst mati,Negatif
abang rizal ramli omong terang akal banget ilc ya situ mantan wapres mantan menteri menteri jabat pintar pakai,Negatif
username tito tolong kawal jakarta uang rakyat hambur,Negatif
amien rais temu rizieq arab saudi fadli ya bagus bagus laku kriminal,Negatif
oh produk produk hashtag dasar akal akal sih kismin,Negatif
tahan gar lurus oposisi kolam hashtag,Negatif
nikmat warga jakarta cuman selamat nikmat banjir berkah berkah air bahagia centeng ya hashtag,Negatif
woooiiistop bully wan abut gabener jkt58 beliau tau hashtag,Negatif
sanjung hashtag jatah tri sanjung ya bentar bentar bego sih,Negatif
wan ajaib ajaib anggar muncul masuk akal dukung puja puji kayak gub presiden bocor bocor bocor hashtag,Negatif
username laku kayak ardi bakrie harap cewek kayak nia ramadhani,Negatif
mulia bapak2 beres bangku rapat,Negatif
alhamdulillah positif hashtag positif konsumsi narkoba,Negatif
maksud ruang buka kasih beton cat hijau kali indonesia kudu angkuh super intelek kayak logika hashtag,Negatif
pingiiiiinn banget lihat sih zonk kena batu keji banget perangai sifat,Negatif
koalisifitnah sistematis massif jatuh jokowi percaya wakil hashtag,Negatif
kah calon presiden moga gagal 2 periode amiiiiinnnn hashtag,Negatif
saksi sejarh adab bangsa indonesia capres abadi jumat koar tebar undang percaya masuk worldrecord wkwk,Negatif
doa tukar ajar,Negatif
dukung serah buka presiden presiden angkat bisnis nama,Negatif
alhamdulilah ya banjir halal santun hashtag hashtag hashtag,Negatif
tagar ubah muak lihat,Negatif
siasia kerja anies laksana banjir dimanamana,Negatif
partai allah mah manasuka sajadah diinjak2 hashtag,Negatif
mantulll jakarta pilih hashtag fatal,Negatif
bukti sikap agung kalian2 bikin onar tukang hoax fitnah aparat sadar malu amien rais hashtagyutliputalapan added bareskrim polri,Negatif
alangkah masuk akal ratna sarumpaet produksi berita bohong struktur,Negatif
banjir kota berkah warga limpah ruah air banjir toa 4 milyarnya suaranyaaa hashtag,Negatif
8 aman gengsi kejar runner up barat hashtag,Negatif
username username celana cingkrang amp cadar larang anti khilafah fitnah radikal eh dana haji amp zakat ya diincer waras tuh username username,Negatif
username gelar dokter usia dewasa bodoh picik,Negatif
tampan hantam muka hashtag,Negatif
sukses anies jual isu sara surat terang warga nonpribumi wajib bayar iur kali lipat bangun lurah hashtag username,Negatif
bangga gubernur ku beliauuuu kerja keras ya jakarta jaga jakarta swasembada air semangat wujud jakarta tajuk formula empang ya sunnatullah lawan hashtag,Negatif
selamat anies baswedan rubah kota sungaisungai,Negatif
jujur salut kader2 partai amarah nasional juang berdarahdarah gws ya om username,Negatif
pindah dagang ah dagang politik malas ah,Negatif
nama partai demokrat sikap ya otoriter menang au ah gelap hashtag hashtag,Negatif
username keren koruptor pelihara hashtag,Negatif
ekspor ganja pks islami ya hehe nih suara bakul ayat bakul agama diam hashtag,Negatif
ayo warga jakarta berterimakasih gubenur anies gudang selesai banjir,Negatif
capres 02 ya giat jauhjauh marahmarah katai orang hmmm hashtag,Negatif
username username program wisata halal pemprof dki wisata diskotik minum zam zam,Negatif
ayo budal jakarta mumpung enek diskotik bersyariah kawal gmnf ulama,Negatif
brsumpah alquran percaya allah maha maha mndengar korupsi nista alquran korupsi nista,Negatif
jaman ahok kpk rajin nyadap harap ott ahok prestasi tuh jaman anies aneh reklamasi monas aibon dll kpk diam bae nyadap khawatir anies kena ott heboh tuh hhhh hashtag,Negatif
pakai 2 produk lokal tinggal 1 hashtag serangga congkak sedih,Negatif
username username username username username wkwk yth dokter tompi akil kandang keledai,Negatif
manies banget cakap ya hashtag,Negatif
welcome indonesia netizen suka nyinyir tranding,Negatif
saraswati pintar tida ajar alam hufffffffffffff,Negatif
jujur malu salah jkw sulit laku,Negatif
astagfirullah medina zein pakai narkoba kaget pakai narkoba ya kaget medina zein,Negatif
ngantornya jalan tol balaikota bikin perintah jokowi lho,Negatif
username tolong dpr kasih kuliah khusus menag biar bikin ribut mulu,Negatif
selamat nikmat berkah warge jakarte terimakasih juge ame username hashtag oke tuh wkwkwkwkwkw aye mah ogah banjir biar negara utang aye bayar,Negatif
welcome indonesia orang lengah malu sangka bahan dunia dosa hei dosa beda ladang dosa,Negatif
untung ane mahasiswa monyet malu banget mahasiswa,Negatif
pengin dengar tanggap abang pandji nih ayok bikin video abang betapa lucu negeri username hashtag,Negatif
username alhamdulilah jakarta gubernur santuy rendah hati ustad aa gym ayo lanjutken 3 periode,Negatif
username kepala kau sholehmati kau bodoh emosi indonesia kau eee hashtag,Negatif
kali atmosfir debat capres indonesia kalah atmosfir final bola piala dunia jancok hashtag hashtag,Negatif
welcome indonesia diversity lihat valentine mampus mati,Negatif
susah orang pintar mah hashtag,Negatif
jaangan entar waras diam biar otak kayak kampret hashtag,Negatif
mending usaha negara ancooor hashtag,Negatif
air masuk mall shopping kali ya santun banget ya hashtag hashtag hashtag,Negatif
alhamdulillah nama berkah lari moga toa ya fungsi pasang toa ya rumah joget bareng hashtag banjir jilid 2 hashtag trending twitter,Negatif
harga apresiasi dengar diskotek ken hashtag lho mah kagak kenal beliau,Negatif
banjir air berkah suka silah minggat jakarta rangorang mati bain warga dki biar hak tuduh enggak2 kadrun kadrun hashtag,Negatif
moga sehat walafiat mbah kakuunggg hashtag,Negatif
sukses hashtag dokumentasi daerah alami azab pimpin iman akibat musibah hashtag,Negatif
pangkat nyawa kawan beli gaji umur hidup hashtag hashtag,Negatif
fakultas dokter awat jogja biangeeet imbang tim medis buuaanget,Negatif
tuhan meciptakan manusia unik letak orang moga lekas sadar ya hashtag,Negatif
ajar orba proyek bangun mangkrak pilih pimpin ahli,Negatif
benarbenar parpol penuh semangat latih lempartangkap kursi iring musik mars gempita penuh gairah olahraga mbah amin kartel nama bawang,Negatif
username username nizar pintar hasut wkwkwkwkwk,Negatif
mari sambit artis nyokap kota cinta sembah umat jeng jeng hashtag hashtag,Negatif
sistem perintah ubah presidensial menterisial hashtag,Negatif
takut banjir orang jakarta latih anggap berkah imlek pegang toa teriak banjir banjir ayo ngopi bareng lantai tunggu antri air masuk tanah hashtag,Negatif
username salah anies wg kerja kakak salah salah kerjs,Negatif
prabowo nama google cari prab libat ham anak prabowo apkh benar homo jumat cari orang pengin tau kbnran pas tok ketik hasil prabowo muncul nyebarin hoax rs,Negatif
anies klaim 73 warga puas kerja pemprov dki iya nies puas korban php janji manies mu,Negatif
takbeer allahu akbar colosseum a n t a p gnpf ulama bela pemprov dki harga diskotek,Negatif
banget sumpah 7 fakta unik yuni shara wow yuni suka mandi pakai air anget,Negatif
username harga repot pintar smart harga kerja kali hashtag harga,Negatif
hashtag pohon tebang formula e tebang revitalisasi monas gundul,Negatif
indonesia butuh presiden tukang lenong tukang pijit hashtag,Negatif
terima kasih indonesia team main top legen peluang raja malaysia angkat piala harini,Negatif
anies baswedan janji sedia kolam warga jakarta bilang anies becus kerja coba sentil hidung wkkwkwk,Negatif
tuan username suka hina kyai suka bohong info hoax sarumpaet sih hashtag,Negatif
nu klaim wakil segenap ummat muslim nu klaim orang percaya,Negatif
sejarah dki berkat gabener iman sinden hashtag hashtag,Negatif
warbiyasak gabener hashtag sejarah catat 2020 januaryfebruari 6x banjir kalah demo berjilidjilid ituwajah seringai gubernur daerah saing prestasi bliyo username,Negatif
indonesia unggul esemka romo pas kampanye beliau sih zaman hehe maaf hashtag,Negatif
username username bangga alumni ugm jokowi malu alumni ugm anies amien paham,Negatif
terima kasih gub anies sadar kerja gubernur dki mudah teori nyata harap semangat buang ego hebat hasil pabila kerja,Negatif
benarbenar ide brilian out of the box monas kolam raksasa luas lapang bola gabener wan abud tangkap air hujan wilayah jakarta wisata halal ala kadrun hashtag,Negatif
selamat malam rakyat negara bangun sembuh sakit kamipolitiken,Negatif
berkat program toa jakarta banjir lelep hashtag,Negatif
oh jokuwi pakai consultant negeri ngakuin tolol dungu dunia,Negatif
barusan ecek jakarta rugi pentol bertanggungjawab suruh omong hoax habis2 hashtag hashtag,Negatif
mulia elit politik sungkan tumpuk kursi mudah eo ruang,Negatif
gubernur santun hebat pandai iya hashtag,Negatif
lem aibon 82 8 pulpen 124 jamban 166 jalur sepeda 73 selamat rakyat jkt58 gubernur binasa nikmat kerja gubernur mabok hashtag hashtag,Negatif
sandiaga uno janji program kartu jakarta jomblo sandi maju cawapres kartu wujud dasar hoak nipu masyarakat,Negatif
luwar gubernur iman gelar ph negeri mantan rektor paramadina mantan tri didik hasil senang anak hadir kolam renang warga erti ora bong hashtag,Negatif
untung bukalapak keluarga uninstallbukalapak,Negatif
manusia angkuh sombong berani rendah ulama nu orang lugu erti bahsa ambigu,Negatif
gila gila gila keren keren keren rakyat hajar habis habis koruptor biar liar tumbuh 7 tumbuh koruptor,Negatif
pintar banget sih suruh bolak fakta ajar,Negatif
pimpin jakarta sih anies alhamdulillah amanah kolam banjir,Negatif
iblis2 sidang istimewa bahas duduk turun derajat oknum wakil rakyat hina ulama,Negatif
aksi uninstallbukalapak tolol sikap protes attitude buruk username tolol orang bela attitude buruk,Negatif
juara bohong hashtag,Negatif
username mulia mu nak nyesal gugurin,Negatif
username gabener tata iya hashtag hashtag,Negatif
wooww hidup syekali dukung prabohong paksa doktrin pilih sih wowo takut ya 2019 kalahlagi hashtag,Negatif
bahagia ya iman hashtag,Negatif
teu keren maha atuh nguruskeun hirup batur hashtag hashtag hashtag hashtag hashtag,Negatif
prabohong pidato lantang lupa isi karuan alias kacau,Negatif
caci jelek rangkul hashtag,Negatif
indonesia daya tolak damai tolak nkri pancasila hashtag,Negatif
banjir hujan banjir anggar jalan iring nikmat pilih pimpin,Negatif
nih nih gua suka capek kadang 2 kubu jatuh terus2 an sindir twitter,Negatif
nelayan berangkat laut malam siang jam 12 malam pergi supir pantai temu ya nama bohong pangkat 12,Negatif
username kayak pintar banget dokter nyusun rapbd hashtag,Negatif
negara keren koruptor pilih rakyat bhahahak,Negatif
banjir ngutang katenye anggar bocor genteng bocor genteng kagak bocor sih rumah nyilem hashtag,Negatif
ratus anak pintar cari alesan,Negatif
sih buniyani makan omong dasar buniyani bodoh,Negatif
polisi polisi tidur hashtag hashtag,Negatif
anies pintar live ig banjir pr,Negatif
dki banjir ya abang2 jawara banjir berkah selamat warga dki berkah air limpah selamat ya selamat username toa 4 milyar berkah petik situ hashtag,Negatif
aduh pencet rekor utang roket p p,Negatif
abang username demo turun jalan banjir berkah yaudah biar nikmat hashtag,Negatif
aibon alpa ketik bolpoin alpa input harga diskotek colosseum alpa kad rekomendasi formula e alpa ketik alpa otak tuh,Negatif
medan gera hashtag gaya ya mantan peduli,Negatif
gue terinsipirasi kondisi indonesia film olympus has fallen edan hashtag hashtag hashtag,Negatif
02 hadiah pas milu 2014 hashtag,Negatif
terima kasih anies hasil naturalisasi,Negatif
santun bohong hashtag,Negatif
username terima kasih jkt58 username berkah politisasi ayat mayat hashtag,Negatif
sih usaha muda alam hashtag,Negatif
sabar april 2019 hashtag,Negatif
username mulia otak cepat rusak jarang halo username,Negatif
uji sekolah mentingin hasil jujur hashtag,Negatif
ya amatir mahir manipulasi semahir2 ya tupai lompat jengkang hashtag hashtag,Negatif
syukur banjir libur anies gubenur sholeh doa senin selasa rabu wakil ketua bamus betawi rahmat hs woyy selasa bngst hashtag,Negatif
username keren banget tuntut partai bobrok serang anies biar hasto mbak mega aman ya mbak paw harun tanda tangan uang wahyu hasto hasto darimana coba hehe,Negatif
lucu nama ondel2 betawi lucu nama wan aibon kota banjir pohon dicabutin hashtag,Negatif
welcome indonesia copy paste lumrah,Negatif
butuh pimpin sungguh boneka hashtag,Negatif
tuan username yth ya mobil kerendem air iman jaman ahok warga lingkung lupa tuh nama banjir selamat eh selamat tidur,Negatif
rejim 34 tri 12 wamen 8 jabat tingkat tri dukung 14 stafsus 7 staf milenial sokong ksp amp jubir istana tatar 6 bpip nasehat 9 wantimpres riuh tim hore buzzer pro indonesia hancur,Negatif
hashtag boikotsariroti ajar dukung capres indonesia fanatik ketawa bahagia eh antem wkwk,Negatif
mulia bapakbapak rebut kursi kursi,Negatif
coba pakai akal sehat ya deh jargon kis kip masyarkat 60 juta masyarakat indonesia 60 juta miskin sambung,Negatif
plus62 panas hashtag,Negatif
pilih junjung silah hengkang indonesia p,Negatif
kopi haram korupsi seni,Negatif
ibadah panggil hati pangilan capres,Negatif
presiden jokowi 4nies keruk waduk banjir 4nies suruh keruk waduk keruk anggar terlaluuuu username hashtag,Negatif
ijtima ulama paham basic islami hashtag,Negatif
username nyanyia merdu ketimbang omong kerja anis,Negatif
information center informasi real kait produk program hashtag informasi hoax hoax ya kuat tanding sadeeessshhhh,Negatif
bilang pilih pimpin milik alam amatir hashtag,Negatif
jumat biar umat nabi muhammad biar anggota dukung partai situ sehat,Negatif
terimakasih wowo terang kiblat barat debat pimpin negeri,Negatif
beda pilih calon presiden akur teman tetangga keluarga laku negara kembang,Negatif
username gubernur ane warbiasa kosakata pakai langsung diturunken anak buah ya abai faham hashtag,Negatif
psi pdip terang2an tolak perda syariah kencang teriak pancasila hashtag,Negatif
aa doa wan abut gubernur lelah rusak jakarta hashtag,Negatif
kemarin bilang antek asing dukung orang asing negara cina weh weh ngomul mulu sih ommm gendut pimpin bikin hoax ya aneh,Negatif
username alhamdulillah positif lucinta luna,Negatif
username adem solo habitat mu,Negatif
username anies tuh hebat bikin banjir sih,Negatif
wow keren mental koruptor,Negatif
hasil itjima ulama agama nihil orang username hina ulama puisi kubu belah rusak username username username username hashtag hashtag hashtag hashtag,Negatif
ciyee tani bawang nih ya sandiwara fazdlizonk muluu,Negatif
username wuih capres keren pakai jas besok pilih deh pakai jas,Negatif
username welcome indonesia sedih banget adaaa hukum laku bullying,Negatif
terimakasih kasih libur gratis hashtag hashtag,Negatif
